Speed,Spin,Spin_eff,Spin Axis,VB,HB,StrikeX,StrikeY,Strike,Pitch
84.5,1828,1,0,7.7,-1.7,-24.7,53.1,FALSE,FB
85.6,1782,1,0,2.9,-2,18.8,30.3,FALSE,FB
86.0,1889,1,0,9.4,-1.4,1.6,17,TRUE,FB
85.9,1809,1,0,8.8,1,18.7,23,FALSE,FB
85.0,1743,1,0,3.1,1.1,5.2,45.8,FALSE,FB
86.7,1731,1,0,9.1,-0.6,22.5,42.4,FALSE,FB
84.9,1740,1,0,8.1,1.3,0.8,44.8,TRUE,FB
86.7,1798,1,0,9.5,3.3,6.8,40.4,TRUE,FB
84.8,1805,1,0,2.7,-1.1,-8.4,20,TRUE,FB
84.2,1813,1,0,7,4,-24.9,52.6,FALSE,FB
85.2,1726,1,0,6.8,1.9,16.3,19.8,TRUE,FB
87.2,1750,1,0,2.3,1.2,-16.6,20.5,TRUE,FB
86.3,1893,1,0,8.4,1.2,-20.2,13.6,FALSE,FB
84.3,1703,1,0,7.4,2.5,17.7,19,FALSE,FB
86.7,1813,1,0,3.3,-2,-0.9,49.4,FALSE,FB
87.2,1882,1,0,2.4,-1.3,1.2,19.3,TRUE,FB
84.0,1755,1,0,8.2,0.3,-2.1,16.4,TRUE,FB
84.7,1800,1,0,9.4,-3.3,-5.6,51.7,FALSE,FB
85.6,1834,1,0,6,-0.3,11.8,11.2,FALSE,FB
84.9,1817,1,0,7.5,3.9,0.3,13.7,FALSE,FB
84.2,1711,1,0,9.4,3.7,22.1,20.3,FALSE,FB
87.5,1790,1,0,2.9,2.7,0.9,16.7,TRUE,FB
87.1,1873,1,0,4,3.1,6.6,36.4,TRUE,FB
86.8,1763,1,0,6.2,0.9,-1,18.2,TRUE,FB
87.4,1727,1,0,9.5,1.1,0,48.6,FALSE,FB
84.2,1742,1,0,9.9,-2.3,22.5,41.5,FALSE,FB
84.1,1818,1,0,8.8,-1.7,5.2,42.6,TRUE,FB
86.2,1851,1,0,6.6,3.8,-19.3,24.9,FALSE,FB
86.4,1814,1,0,3.4,1.2,-1.5,48.9,FALSE,FB
86.5,1775,1,0,6.9,1.7,-16.1,19.7,TRUE,FB
84.3,1845,1,0,3.7,-3.6,-6.4,52.5,FALSE,FB
85.7,1849,1,0,7.1,-0.8,-12.1,30.4,TRUE,FB
86.1,1735,1,0,6.8,-2.7,17.8,12.6,FALSE,FB
86.0,1750,1,0,2.6,1.8,10.8,30.5,TRUE,FB
84.7,1793,1,0,6.8,1,-11.7,32.7,TRUE,FB
84.6,1725,1,0,5,-2.2,-23.2,48.1,FALSE,FB
86.9,1856,1,0,5.2,-2,-10.6,14.8,FALSE,FB
84.9,1804,1,0,3.4,-2.2,8,53.9,FALSE,FB
84.5,1824,1,0,3.7,1.9,-16,24.4,TRUE,FB
86.9,1727,1,0,2.1,-3.4,11.2,35.3,TRUE,FB
87.0,1872,1,0,6.4,-0.8,17.9,20.3,FALSE,FB
84.3,1880,1,0,6.6,1.9,-15.3,29,TRUE,FB
86.4,1791,1,0,9.7,0,-17.4,52.1,FALSE,FB
84.8,1765,1,0,7.9,-3.5,9.4,40.7,TRUE,FB
87.5,1779,1,0,3.6,-3.7,13.1,33.5,TRUE,FB
86.6,1751,1,0,6.9,-2.2,8.1,25.6,TRUE,FB
84.5,1704,1,0,7.4,-2.1,-21.7,36.7,FALSE,FB
86.9,1748,1,0,4.3,0,20.5,50.2,FALSE,FB
86.4,1846,1,0,3.1,-2.6,-8.1,43.6,TRUE,FB
86.7,1776,1,0,5.5,2.4,15.8,44,TRUE,FB
84.2,1810,1,0,9,-1,-24.7,45.9,FALSE,FB
85.2,1795,1,0,7.9,-1,-3.6,32.4,TRUE,FB
87.4,1825,1,0,5.6,0.7,-13.4,52.6,FALSE,FB
86.3,1759,1,0,8.5,-3.8,8.3,42.5,TRUE,FB
85.9,1709,1,0,10,1.2,-6,29.2,TRUE,FB
84.7,1795,1,0,6.3,-1.5,4.2,35.5,TRUE,FB
87.4,1722,1,0,8.3,0.7,-11.2,17.4,TRUE,FB
85.8,1767,1,0,5.8,-1.1,0.7,21.6,TRUE,FB
86.6,1831,1,0,3.6,0.7,-20.6,54.9,FALSE,FB
85.6,1800,1,0,8.7,2.3,-23.1,32.7,FALSE,FB
84.5,1864,1,0,5.8,1.8,-24.3,12.2,FALSE,FB
86.1,1705,1,0,6.4,1,-1.8,20.7,TRUE,FB
87.2,1709,1,0,6.2,-3.7,11.6,19.3,TRUE,FB
86.8,1841,1,0,9.1,-0.5,9,22.1,TRUE,FB
87.0,1787,1,0,4.7,-2.9,22.3,26.3,FALSE,FB
84.2,1780,1,0,3.4,3.6,5.4,14.5,FALSE,FB
85.9,1702,1,0,8.2,3.9,-3.9,13.8,FALSE,FB
86.9,1736,1,0,4.4,-0.8,24,11.8,FALSE,FB
87.3,1756,1,0,3.8,-2.2,23.1,12.6,FALSE,FB
86.1,1720,1,0,9.2,-0.5,-2.9,27.7,TRUE,FB
86.1,1885,1,0,3.8,2,15.5,37.3,TRUE,FB
86.8,1777,1,0,3.4,-4,6.4,25.6,TRUE,FB
84.9,1733,1,0,8.9,1.2,-16.1,13,FALSE,FB
86.8,1701,1,0,9.4,-1.7,10.4,18.6,TRUE,FB
84.1,1793,1,0,3.2,1.6,-2.8,31.3,TRUE,FB
84.5,1775,1,0,2.7,-3.7,15.7,27,TRUE,FB
86.7,1842,1,0,10,0.9,-16,13.4,FALSE,FB
84.4,1744,1,0,9.5,1.9,13.8,34.5,TRUE,FB
87.2,1707,1,0,2.1,-0.5,7.6,18.4,TRUE,FB
85.3,1819,1,0,9,1.6,12.1,53.7,FALSE,FB
87.4,1818,1,0,5.8,1.3,-22.7,26.3,FALSE,FB
86.6,1859,1,0,5.6,1.9,0.9,10.7,FALSE,FB
86.8,1794,1,0,4.3,1.2,16,45,FALSE,FB
86.5,1859,1,0,2.9,0.2,4,25.9,TRUE,FB
87.4,1766,1,0,6.7,1.8,13.3,46.6,FALSE,FB
86.6,1847,1,0,6.9,2.9,-13.7,14.1,FALSE,FB
84.1,1756,1,0,3.1,-2.5,2.8,18.3,TRUE,FB
84.2,1800,1,0,9.2,-1.4,7.6,41.2,TRUE,FB
85.1,1877,1,0,7.3,3.9,22,45.6,FALSE,FB
86.0,1734,1,0,9.2,3.1,11.3,52,FALSE,FB
86.4,1878,1,0,7.3,0.9,-4.1,14.3,FALSE,FB
84.7,1785,1,0,4.9,0,-9.3,47.7,FALSE,FB
87.0,1828,1,0,2.1,2.6,23.5,28.7,FALSE,FB
84.1,1893,1,0,6.1,3.8,7,53.9,FALSE,FB
87.5,1858,1,0,6.6,0.2,-12.7,54.8,FALSE,FB
86.7,1707,1,0,3.7,-0.1,-5.6,39.4,TRUE,FB
87.5,1846,1,0,8.3,-2.5,21.2,48.2,FALSE,FB
86.9,1723,1,0,8.4,-2.4,6.8,12.6,FALSE,FB
85.1,1838,1,0,8,-1.6,10.3,12.9,FALSE,FB
85.9,1796,1,0,2.2,1.6,15.7,32.8,TRUE,FB
84.0,1788,1,0,5.9,1.6,17.5,34.4,FALSE,FB
84.4,1755,1,0,7.2,0.8,17.6,53.5,FALSE,FB
86.8,1738,1,0,5.1,3,-4,35.4,TRUE,FB
87.1,1709,1,0,6.8,2,-1.4,49,FALSE,FB
84.8,1763,1,0,3.5,0.8,1.5,49.3,FALSE,FB
87.1,1768,1,0,4.4,-1.3,-6.3,16,FALSE,FB
84.6,1875,1,0,4.7,0.2,-11.1,20.8,TRUE,FB
86.7,1893,1,0,4.3,1.1,-17.5,47.7,FALSE,FB
85.5,1742,1,0,9.5,-0.2,1.7,31.7,TRUE,FB
84.8,1895,1,0,7.7,2.3,19.3,31.2,FALSE,FB
87.3,1717,1,0,9.1,0.4,2.2,39,TRUE,FB
87.0,1818,1,0,8.8,-2.2,-15.9,21.1,TRUE,FB
85.8,1704,1,0,2.7,1.1,16.4,42.3,TRUE,FB
85.9,1761,1,0,2.7,1.5,12.6,14.3,FALSE,FB
84.0,1797,1,0,5.4,2.5,15.3,53,FALSE,FB
86.2,1800,1,0,10,1.9,-21.5,22.1,FALSE,FB
87.1,1846,1,0,6,0.5,-24.2,35.8,FALSE,FB
87.4,1730,1,0,9.8,-2.3,24,47.9,FALSE,FB
86.0,1820,1,0,2.9,3.5,-18.6,32.4,FALSE,FB
85.9,1721,1,0,4.3,-0.5,20.5,11.9,FALSE,FB
87.1,1740,1,0,9.4,1.2,-0.1,14.7,FALSE,FB
84.9,1890,1,0,8.5,-0.1,-16.3,37.8,TRUE,FB
86.1,1834,1,0,6.4,2.5,15.3,53.9,FALSE,FB
84.1,1888,1,0,5.9,1.5,-15,45.4,FALSE,FB
84.7,1862,1,0,6.1,-1.8,-8.7,21.9,TRUE,FB
85.2,1841,1,0,3,0.2,8.5,23.7,TRUE,FB
86.8,1858,1,0,8.5,-2.3,14.8,45.1,FALSE,FB
85.9,1828,1,0,2.4,-3,8.1,47.6,FALSE,FB
86.5,1791,1,0,4,-2.8,9.4,37,TRUE,FB
85.0,1882,1,0,2,1.6,-4.1,10.5,FALSE,FB
85.3,1882,1,0,4,-2.8,12.5,46,FALSE,FB
86.3,1789,1,0,5.1,1.7,-7.2,42.9,TRUE,FB
86.5,1896,1,0,3.5,-0.5,17.3,42.3,FALSE,FB
86.4,1898,1,0,8.4,1.1,16.7,50.3,FALSE,FB
84.9,1762,1,0,9.3,3.1,22.5,41.2,FALSE,FB
86.0,1867,1,0,9.1,-3.3,10.7,16.2,TRUE,FB
86.4,1835,1,0,8.4,-2.3,8.9,48.5,FALSE,FB
86.7,1701,1,0,5.7,-1.4,19.9,47.4,FALSE,FB
84.5,1796,1,0,4.4,-0.4,-21.7,43.9,FALSE,FB
87.5,1852,1,0,10,-1.8,-19.5,53.8,FALSE,FB
85.1,1760,1,0,4.3,0.8,-17,33.9,FALSE,FB
85.1,1844,1,0,7.6,-1.2,-7.8,50.7,FALSE,FB
84.8,1760,1,0,6.8,2.6,20.8,18.6,FALSE,FB
84.6,1704,1,0,8.9,1.9,-17.8,12,FALSE,FB
85.6,1712,1,0,2.7,2.9,6.9,51.4,FALSE,FB
86.9,1731,1,0,3.8,-3.6,24.6,29.4,FALSE,FB
85.9,1865,1,0,4.1,-0.3,17.1,16.2,FALSE,FB
86.2,1760,1,0,8.6,-3.8,3.1,42.6,TRUE,FB
84.0,1884,1,0,3.3,2.6,-12,52.6,FALSE,FB
85.5,1761,1,0,5.7,-0.8,-14,29.7,TRUE,FB
84.0,1807,1,0,5.4,-0.1,9.8,17.5,TRUE,FB
84.3,1815,1,0,6.3,-2.7,23.2,52,FALSE,FB
86.2,1787,1,0,8.3,0.4,15.1,26.6,TRUE,FB
84.7,1852,1,0,2.9,-1.9,15.2,32.5,TRUE,FB
87.2,1808,1,0,8.7,-2,-0.1,22.4,TRUE,FB
86.4,1790,1,0,7.6,1.5,12.2,24.9,TRUE,FB
86.4,1829,1,0,7.3,-3.8,-13.2,14,FALSE,FB
86.1,1810,1,0,9.4,0.7,5.6,53.7,FALSE,FB
86.2,1756,1,0,8.6,-0.2,24.7,35.8,FALSE,FB
84.9,1841,1,0,2.4,-2.1,-18.7,21,FALSE,FB
85.1,1835,1,0,7.9,-3.2,7.9,53,FALSE,FB
87.4,1754,1,0,2.4,1.6,15.8,30.9,TRUE,FB
84.1,1797,1,0,7.4,0.2,-8.9,44,TRUE,FB
86.0,1883,1,0,7.2,1.9,22.8,45.9,FALSE,FB
87.3,1723,1,0,2,1.2,-0.2,30.6,TRUE,FB
84.9,1793,1,0,4.7,-2.5,-10.3,33.2,TRUE,FB
87.2,1740,1,0,9.2,-1.8,-24,27.5,FALSE,FB
84.7,1732,1,0,9.9,-1.3,14.7,46.6,FALSE,FB
86.9,1806,1,0,9.3,2.7,-5.7,24.7,TRUE,FB
85.0,1762,1,0,4.3,-3.4,-14.8,47.3,FALSE,FB
84.1,1810,1,0,4.5,-2.2,14.6,12.4,FALSE,FB
85.9,1758,1,0,5.1,0.4,3.7,40.2,TRUE,FB
86.9,1834,1,0,3.8,-3.7,7.1,26.7,TRUE,FB
86.9,1735,1,0,5.3,1.6,3.9,29.3,TRUE,FB
86.1,1883,1,0,4.5,2,-8.6,29.9,TRUE,FB
84.4,1876,1,0,5.3,0.3,-3,31,TRUE,FB
85.8,1778,1,0,2.8,1.1,6.5,17.8,TRUE,FB
84.7,1728,1,0,8.8,-0.6,-13.3,47.5,FALSE,FB
86.2,1780,1,0,4.3,1.1,19.4,10.5,FALSE,FB
85.3,1785,1,0,3.4,3.1,-2,52.1,FALSE,FB
85.4,1795,1,0,6.8,1.7,-5.2,24.8,TRUE,FB
85.7,1892,1,0,2,-0.8,-21.1,21.1,FALSE,FB
84.7,1780,1,0,2.1,-4,10.4,36.5,TRUE,FB
84.0,1750,1,0,2.7,-2.3,20.6,44.2,FALSE,FB
86.6,1803,1,0,4.1,4,-12,27.1,TRUE,FB
84.8,1900,1,0,5.8,-3.3,-23.9,48.4,FALSE,FB
84.7,1836,1,0,5.1,1.2,23,39.5,FALSE,FB
84.3,1802,1,0,3.6,2.6,23.2,21.6,FALSE,FB
84.5,1717,1,0,8.6,2.9,-18.2,49,FALSE,FB
85.9,1784,1,0,7.1,-2.2,12.4,33.9,TRUE,FB
87.5,1777,1,0,4,1.7,-8.8,42.1,TRUE,FB
86.6,1817,1,0,6.2,-1.3,4.1,24.7,TRUE,FB
87.0,1728,1,0,4,-0.4,-2.9,53.7,FALSE,FB
87.2,1847,1,0,10,-1.1,-21.4,41.4,FALSE,FB
86.0,1771,1,0,3.1,1.8,-1.6,44.2,TRUE,FB
87.4,1762,1,0,2.5,-3.9,-4.4,22.2,TRUE,FB
85.0,1818,1,0,8.8,3,-5.6,42.2,TRUE,FB
85.9,1856,1,0,7,1.9,14.8,17.4,TRUE,FB
87.0,1786,1,0,8.2,2.1,8.5,13.3,FALSE,FB
85.8,1747,1,0,3.9,-3.5,-6.6,36,TRUE,FB
87.4,1801,1,0,2.6,-3.7,-17.7,18.4,FALSE,FB
86.1,1798,1,0,4.6,-3.2,-13,37.8,TRUE,FB
85.5,1806,1,0,3.9,1.9,1.4,27.6,TRUE,FB
85.9,1824,1,0,7.5,3.4,-2.9,26.6,TRUE,FB
84.2,1857,1,0,8.5,1.9,-18.5,38.2,FALSE,FB
84.4,1733,1,0,5.2,-1.9,-10.7,32,TRUE,FB
86.0,1805,1,0,5.5,-1.7,7.8,23.9,TRUE,FB
84.3,1755,1,0,6.8,-0.1,20.7,43.4,FALSE,FB
84.7,1825,1,0,9,0.9,23.9,39.7,FALSE,FB
84.9,1741,1,0,6.8,-2.3,-5.3,37.3,TRUE,FB
85.2,1778,1,0,8.1,0.7,6.6,46.2,FALSE,FB
85.4,1886,1,0,8.8,-2.5,22,53.8,FALSE,FB
84.5,1891,1,0,5.7,1.5,-22.2,39.5,FALSE,FB
85.8,1737,1,0,8.6,-0.5,-18.5,11,FALSE,FB
85.5,1792,1,0,10,-0.3,-2.4,38,TRUE,FB
87.2,1881,1,0,4.2,-3.8,-3.3,43.7,TRUE,FB
84.9,1784,1,0,5.4,0.3,6.3,15.4,FALSE,FB
85.6,1881,1,0,5.7,1.9,-1.3,54.1,FALSE,FB
86.7,1729,1,0,2.3,-0.4,12.6,25,TRUE,FB
86.9,1888,1,0,7.4,3.4,-19.9,15.4,FALSE,FB
84.9,1857,1,0,5.1,3.7,16.9,12.8,FALSE,FB
85.0,1711,1,0,6,-1.1,1.8,33.9,TRUE,FB
85.2,1881,1,0,2.9,1.5,-7.9,10.9,FALSE,FB
84.9,1871,1,0,7.3,-1.4,-14.1,27,TRUE,FB
86.5,1729,1,0,3.2,-2.4,-5.8,31.9,TRUE,FB
85.6,1760,1,0,3.1,1.1,-10.2,37.2,TRUE,FB
84.6,1828,1,0,7,-1.5,23.8,13.7,FALSE,FB
86.8,1734,1,0,8.3,1.8,18,11.7,FALSE,FB
85.6,1764,1,0,5,-2.6,-0.6,10,FALSE,FB
84.2,1876,1,0,9.3,0.5,-6.9,16.4,TRUE,FB
84.4,1827,1,0,8.5,2.8,-0.7,44.7,TRUE,FB
84.2,1885,1,0,5.3,-1.4,7.3,22.5,TRUE,FB
84.6,1758,1,0,4.8,2.1,6.9,48.1,FALSE,FB
86.8,1877,1,0,9.9,-0.8,-13.5,25.6,TRUE,FB
84.0,1836,1,0,7.7,0.8,-3.6,24.7,TRUE,FB
84.7,1798,1,0,8.3,-2.7,5.4,54,FALSE,FB
87.1,1892,1,0,5.1,0.2,-22.1,47.2,FALSE,FB
85.2,1849,1,0,4.4,-0.8,-11,35.6,TRUE,FB
87.2,1783,1,0,9.1,3.8,-5.4,43.9,TRUE,FB
85.1,1726,1,0,4.3,3.9,22.5,41.4,FALSE,FB
87.3,1796,1,0,3.9,-2.6,-7,28.3,TRUE,FB
87.2,1711,1,0,9.6,3.2,-20.5,10.3,FALSE,FB
85.2,1713,1,0,5.6,1,-8.6,10.6,FALSE,FB
84.4,1785,1,0,9.6,-3,-6.1,37.3,TRUE,FB
85.3,1765,1,0,3.6,-2.3,7.9,31.7,TRUE,FB
86.3,1801,1,0,9.7,-3.8,13.9,50.8,FALSE,FB
86.5,1712,1,0,7.8,0.2,-9.7,11.1,FALSE,FB
86.1,1832,1,0,4.5,-3,-19.6,33.4,FALSE,FB
86.1,1757,1,0,7.8,3.1,1.4,31.3,TRUE,FB
78.9,1427,1,0,19.8,3.4,-7.3,26,TRUE,CH
75.5,1621,1,0,18.7,8.3,-16.4,28.9,TRUE,CH
76.5,1566,1,0,13.4,1.1,15.4,34.4,TRUE,CH
75.9,1485,1,0,13.1,5.2,-1.1,18,TRUE,CH
78.2,1480,1,0,6.8,-1.8,-15.3,32.7,TRUE,CH
78.6,1569,1,0,15.1,1.6,12,22.7,TRUE,CH
78.4,1589,1,0,16.2,8,-4.6,17.1,TRUE,CH
75.8,1599,1,0,10.8,-2.8,21.8,24.3,FALSE,CH
75.7,1551,1,0,17.2,6.6,17.3,52.9,FALSE,CH
76.8,1636,1,0,13.4,0.7,-21,19.2,FALSE,CH
76.6,1583,1,0,15.3,-2.7,-21.2,22.1,FALSE,CH
78.3,1423,1,0,9.4,2.6,-9.1,54.2,FALSE,CH
78.0,1588,1,0,9.4,9.6,3.1,12.3,FALSE,CH
79.5,1484,1,0,17.7,4.5,-3,36.7,TRUE,CH
78.3,1518,1,0,9.2,-0.9,-16.3,17.5,TRUE,CH
76.0,1464,1,0,8.2,6.2,9.3,23.6,TRUE,CH
77.5,1442,1,0,19.1,-2,-21.6,22.6,FALSE,CH
76.2,1469,1,0,18.9,2.2,-17,51.1,FALSE,CH
78.1,1438,1,0,17.4,-2.7,7.4,38.8,TRUE,CH
75.4,1610,1,0,5.6,-2.9,15,21.4,TRUE,CH
75.1,1644,1,0,13.6,1.3,18.5,24.9,FALSE,CH
78.7,1645,1,0,10.5,7,-0.4,17.8,TRUE,CH
75.9,1455,1,0,14.4,-2.5,-20.2,54,FALSE,CH
76.7,1484,1,0,8.3,-0.4,-2.7,38.6,TRUE,CH
78.4,1403,1,0,8,-1.7,11,46,FALSE,CH
79.5,1484,1,0,14.2,-1,-6,18.7,TRUE,CH
77.1,1641,1,0,14.1,-3.6,10.4,44.7,TRUE,CH
77.5,1465,1,0,17.6,6.3,3.7,37.3,TRUE,CH
75.0,1575,1,0,10,-1.8,-15,16.4,TRUE,CH
77.6,1408,1,0,7.8,4.5,23.6,25.5,FALSE,CH
76.0,1444,1,0,7.7,-2.2,3,21.8,TRUE,CH
77.9,1539,1,0,12,1.5,-1.5,24.8,TRUE,CH
78.7,1574,1,0,7.1,0.5,-19.2,47.4,FALSE,CH
77.4,1400,1,0,9.7,-1.8,9.9,33.7,TRUE,CH
78.6,1497,1,0,9,-0.5,-3.7,45,FALSE,CH
79.4,1421,1,0,18.7,2.1,-22.2,19.6,FALSE,CH
79.4,1574,1,0,15,3.8,9.9,29.4,TRUE,CH
79.2,1546,1,0,10.7,0.8,13.8,28,TRUE,CH
76.8,1474,1,0,15.2,0.3,-19.1,51.7,FALSE,CH
76.2,1436,1,0,11.8,6.2,-10.6,52.6,FALSE,CH
76.4,1491,1,0,6.5,4.8,-21.7,14.7,FALSE,CH
75.5,1468,1,0,12.7,9.5,22,34,FALSE,CH
76.2,1452,1,0,5.7,6,-21.9,28.4,FALSE,CH
75.2,1607,1,0,10.8,1.8,18.9,29.5,FALSE,CH
78.8,1591,1,0,12.7,-3,-24.1,40.7,FALSE,CH
76.5,1575,1,0,6.3,-3.1,7.9,50.9,FALSE,CH
79.4,1600,1,0,11.3,2,-21.4,40.3,FALSE,CH
77.1,1555,1,0,9.8,6.2,-13.4,21.1,TRUE,CH
79.5,1465,1,0,15.2,9.1,20.1,40.5,FALSE,CH
78.1,1497,1,0,12.7,4.1,-17.2,48.9,FALSE,CH
76.7,1598,1,0,16.8,4.4,-15.4,51.9,FALSE,CH
76.4,1551,1,0,13.4,9.9,22.2,49.4,FALSE,CH
77.1,1402,1,0,15.8,7.5,-24.1,43.1,FALSE,CH
76.6,1598,1,0,9.9,7.1,-15.5,35,TRUE,CH
78.5,1427,1,0,17.1,3,-4.5,19.5,TRUE,CH
77.3,1611,1,0,12.1,6.8,13.2,17.6,TRUE,CH
78.1,1412,1,0,17.1,5.9,-2.5,21.5,TRUE,CH
78.4,1498,1,0,7.6,2.7,-3.4,27.2,TRUE,CH
76.6,1415,1,0,20,0.2,-17.5,51.1,FALSE,CH
78.4,1441,1,0,9.9,2.4,-12.8,42.5,TRUE,CH
76.3,1479,1,0,10.4,1,5.3,35.9,TRUE,CH
75.0,1564,1,0,15.1,-0.4,2.6,52,FALSE,CH
79.4,1414,1,0,12,0,13.5,43.3,TRUE,CH
77.7,1580,1,0,5.6,2.8,-1.1,27.8,TRUE,CH
75.2,1462,1,0,13.3,4.4,19.7,38.3,FALSE,CH
78.1,1462,1,0,17.9,8.5,-15.8,33.2,TRUE,CH
75.2,1554,1,0,19.3,4.5,8.2,25.7,TRUE,CH
79.4,1558,1,0,19.6,0,0.1,35.4,TRUE,CH
78.9,1555,1,0,7.1,5.4,-11.8,44.6,TRUE,CH
77.7,1452,1,0,14.6,-2.1,-24.5,17.7,FALSE,CH
77.8,1624,1,0,9.5,6.2,-18.8,24.5,FALSE,CH
78.5,1459,1,0,6.1,0,-22.6,37.7,FALSE,CH
76.1,1512,1,0,6.4,-2.8,-0.1,23.4,TRUE,CH
78.8,1597,1,0,19.4,-3.7,13.8,15.2,FALSE,CH
75.9,1543,1,0,17.7,3.5,23.2,22.9,FALSE,CH
75.1,1533,1,0,17.2,8.3,-21.3,48.4,FALSE,CH
76.0,1428,1,0,19.2,6.4,1,23.5,TRUE,CH
78.4,1471,1,0,16.9,0.8,-15,13.5,FALSE,CH
79.2,1462,1,0,19.5,-3.7,2.9,36.5,TRUE,CH
77.5,1637,1,0,7.3,9.1,3.1,34.1,TRUE,CH
77.3,1523,1,0,10.4,8.2,8.5,53.3,FALSE,CH
77.2,1548,1,0,15.3,1.6,0,17.4,TRUE,CH
76.5,1559,1,0,11,7.6,17.8,44.2,FALSE,CH
76.2,1601,1,0,7.9,4.6,9.8,42.6,TRUE,CH
78.6,1499,1,0,13.4,-2.4,2.9,28,TRUE,CH
77.0,1577,1,0,16,0.4,-6.6,26.2,TRUE,CH
77.8,1609,1,0,17.9,9.6,-7.9,26.6,TRUE,CH
78.9,1596,1,0,6.1,6.4,9.8,20.7,TRUE,CH
79.0,1469,1,0,20,6.7,-15.4,28.7,TRUE,CH
75.0,1464,1,0,16.6,7.7,10.1,23.7,TRUE,CH
77.2,1603,1,0,17.2,6.5,20.9,38.9,FALSE,CH
77.8,1593,1,0,7.7,3,21.4,27.4,FALSE,CH
76.3,1560,1,0,16.5,9.6,-24.5,20.1,FALSE,CH
78.8,1536,1,0,19.3,1.8,-8.4,30.1,TRUE,CH
77.5,1400,1,0,9.2,7.3,-8.5,15.2,FALSE,CH
75.0,1513,1,0,18.8,0.3,19.9,37.5,FALSE,CH
78.2,1486,1,0,18.3,7.2,-22.1,38.9,FALSE,CH
76.7,1493,1,0,7.2,-2.3,4.6,24.1,TRUE,CH
77.9,1604,1,0,7.8,5.5,13.3,40.3,TRUE,CH
79.1,1497,1,0,16.5,9.9,6.8,10.5,FALSE,CH
76.9,1633,1,0,10.2,4.9,10.5,31.7,TRUE,CH
77.4,1613,1,0,13,-1.9,-8.6,16.8,TRUE,CH
75.0,1525,1,0,7.4,-1.4,22.8,40.3,FALSE,CH
76.0,1556,1,0,16.2,-0.7,0.7,16.8,TRUE,CH
77.2,1485,1,0,9.8,8.6,22.5,46.2,FALSE,CH
77.2,1520,1,0,16,-3.4,-18.7,28.1,FALSE,CH
78.8,1479,1,0,11.2,-3.4,8.5,37.7,TRUE,CH
75.9,1626,1,0,6.4,7.3,-23.4,32.7,FALSE,CH
76.1,1531,1,0,12.8,1.8,-13.1,44.4,TRUE,CH
75.2,1443,1,0,5.3,-1.9,-15.2,37.4,TRUE,CH
76.7,1460,1,0,9.1,-0.2,-1.4,13.2,FALSE,CH
76.4,1618,1,0,17.3,-0.7,-9.9,18.1,TRUE,CH
76.7,1551,1,0,18.3,2.3,-8.7,38.3,TRUE,CH
77.4,1585,1,0,15.3,1.6,-10.7,26.2,TRUE,CH
78.9,1428,1,0,9.2,6.8,4.6,50.5,FALSE,CH
79.5,1407,1,0,13,-1.6,-2.3,26.1,TRUE,CH
79.0,1435,1,0,9.2,7.8,-13.5,54.1,FALSE,CH
78.1,1637,1,0,16.3,3,-15.2,39.3,TRUE,CH
77.4,1609,1,0,11.6,8.9,11.2,25.5,TRUE,CH
78.0,1551,1,0,19.5,4.4,-1.3,37,TRUE,CH
78.6,1475,1,0,11.6,0.6,3.6,43.7,TRUE,CH
78.7,1637,1,0,14,9.1,-12.9,35.3,TRUE,CH
76.2,1483,1,0,11.4,-1.2,-7.8,25.5,TRUE,CH
78.9,1494,1,0,7.6,-2.8,25,26.1,FALSE,CH
77.6,1505,1,0,7.6,5,-5,39,TRUE,CH
75.0,1420,1,0,19.1,3.6,8.3,15.8,FALSE,CH
78.4,1560,1,0,8.4,0.6,20.5,53.6,FALSE,CH
77.7,1404,1,0,13.7,8.2,-21.4,35.5,FALSE,CH
75.3,1604,1,0,15.9,9.7,-16.6,14.4,FALSE,CH
77.0,1602,1,0,13,0.6,-24.7,27.2,FALSE,CH
77.0,1571,1,0,18.3,0.3,-22.1,30.4,FALSE,CH
78.2,1525,1,0,10.1,0.4,-9.4,24,TRUE,CH
78.1,1596,1,0,9.3,7,-7.4,50.3,FALSE,CH
75.6,1570,1,0,19.5,-2.1,-10,43.9,TRUE,CH
78.6,1471,1,0,10.7,-1.6,3.3,51,FALSE,CH
76.5,1595,1,0,16.4,-2.3,-1.5,17.6,TRUE,CH
78.2,1476,1,0,14.7,6.3,16,13.5,FALSE,CH
78.7,1479,1,0,15,5,1.8,23.7,TRUE,CH
78.0,1566,1,0,19.1,5,-12.9,16,FALSE,CH
78.4,1515,1,0,19.6,7.3,7.4,31.2,TRUE,CH
79.4,1459,1,0,12.8,8.3,-2.4,34.5,TRUE,CH
77.9,1525,1,0,12.9,7.8,22.5,38,FALSE,CH
79.4,1510,1,0,17.3,-1.2,-18.1,23.2,FALSE,CH
78.9,1505,1,0,5.8,5.9,-8.9,41.9,TRUE,CH
75.7,1584,1,0,15.8,9.7,-23.1,42.7,FALSE,CH
75.6,1621,1,0,7.8,1,-21.1,46.2,FALSE,CH
78.3,1464,1,0,7.9,1.1,-15.6,30.8,TRUE,CH
78.6,1608,1,0,17.8,3.1,16.4,13.2,FALSE,CH
77.1,1443,1,0,18.2,-0.4,-1,20,TRUE,CH
77.4,1419,1,0,12.6,8,11.3,38.5,TRUE,CH
76.1,1550,1,0,10,3.5,17.7,37.2,FALSE,CH
78.4,1572,1,0,13.8,-0.9,-12.6,42.5,TRUE,CH
76.1,1552,1,0,8.9,6.2,17,33.4,FALSE,CH
76.2,1407,1,0,9.7,0,24.5,42.9,FALSE,CH
79.0,1480,1,0,6.7,4.5,24.6,39.8,FALSE,CH
78.6,1479,1,0,9.5,8.4,10.7,41.5,TRUE,CH
78.3,1502,1,0,18.3,3.2,20.6,48,FALSE,CH
78.2,1500,1,0,18.7,-3.9,-5.8,52.9,FALSE,CH
78.6,1550,1,0,6.2,3.3,6.6,34,TRUE,CH
79.1,1447,1,0,17.4,-3.8,-12.5,38.9,TRUE,CH
78.5,1519,1,0,6.3,9,11.5,25.5,TRUE,CH
75.5,1408,1,0,10.1,-4,14,40.3,TRUE,CH
77.1,1468,1,0,14.1,0.9,-1.4,15.8,FALSE,CH
78.2,1448,1,0,16.4,6.4,-13.8,28.2,TRUE,CH
75.5,1644,1,0,11.2,7,-16,51.1,FALSE,CH
78.6,1427,1,0,12.5,6.2,1.5,18.5,TRUE,CH
78.5,1592,1,0,13.7,-0.5,6.1,43.7,TRUE,CH
79.0,1420,1,0,14.2,6.5,9.7,34.1,TRUE,CH
76.7,1586,1,0,10.9,-1.5,11.8,19.9,TRUE,CH
75.2,1485,1,0,12.5,-1.9,-8.4,48.8,FALSE,CH
79.4,1471,1,0,19.2,1,11,47.4,FALSE,CH
76.9,1644,1,0,20,-3.4,-18.9,30.4,FALSE,CH
78.2,1554,1,0,6.4,-3.3,17.3,48.3,FALSE,CH
79.4,1552,1,0,5.8,8.8,-9.9,27.2,TRUE,CH
76.3,1480,1,0,8.6,9.3,11.7,17.9,TRUE,CH
75.1,1523,1,0,5.9,5.1,-18.3,37.1,FALSE,CH
76.8,1582,1,0,7.9,8.5,-2.8,38.9,TRUE,CH
79.3,1528,1,0,17.2,5.8,14.8,44.9,TRUE,CH
75.0,1460,1,0,13.6,5.3,20.8,51.9,FALSE,CH
76.1,1598,1,0,13.2,3.2,-25,36.3,FALSE,CH
75.9,1568,1,0,17.9,0.8,-11.2,15.9,FALSE,CH
75.3,1577,1,0,8.2,6.1,-6.7,51.6,FALSE,CH
76.8,1412,1,0,19.1,0.7,16.2,26.5,TRUE,CH
77.7,1624,1,0,9.9,2,-1,22.7,TRUE,CH
76.8,1440,1,0,14.5,5.3,-12.3,15.6,FALSE,CH
79.1,1475,1,0,9.7,6.8,17.4,32.7,FALSE,CH
76.5,1564,1,0,10,9,-17.1,25.4,FALSE,CH
76.2,1622,1,0,18.2,-3.1,15.7,15.8,FALSE,CH
75.6,1594,1,0,20,3.3,-4.2,46.4,FALSE,CH
76.6,1527,1,0,9.6,-3.1,2.8,28,TRUE,CH
79.4,1532,1,0,17,-1.7,20.7,24.6,FALSE,CH
79.4,1629,1,0,12.6,6.7,18.1,45.6,FALSE,CH
78.8,1455,1,0,12.2,2,-17,34.9,FALSE,CH
77.4,1462,1,0,19.8,4.4,9.1,13.4,FALSE,CH
77.9,1647,1,0,16.9,5.7,-23.1,18.6,FALSE,CH
78.5,1551,1,0,5.9,3.1,10.2,24.5,TRUE,CH
78.3,1422,1,0,15.2,-0.3,4.7,15.3,FALSE,CH
78.3,1646,1,0,14.6,0.5,-23.3,10.3,FALSE,CH
76.1,1544,1,0,17.4,9.5,1.1,50.9,FALSE,CH
79.4,1649,1,0,12.4,2.2,-4.6,25.2,TRUE,CH
75.2,1638,1,0,10.5,6.3,-13.2,15.3,FALSE,CH
77.8,1523,1,0,17.2,3.6,-5.1,31.1,TRUE,CH
77.6,1500,1,0,18.2,1.6,20.3,35,FALSE,CH
78.9,1529,1,0,20,-0.1,-22.3,23.3,FALSE,CH
77.3,1538,1,0,15.5,-3.3,-3.2,10.2,FALSE,CH
76.1,1415,1,0,19.9,-1.8,-2.8,52.7,FALSE,CH
76.4,1465,1,0,20,-4,21.4,11.4,FALSE,CH
76.4,1568,1,0,5.3,5.9,24.5,34.5,FALSE,CH
79.2,1590,1,0,15.5,8.6,-2.5,42.3,TRUE,CH
78.6,1580,1,0,10.7,-0.9,-21,48.5,FALSE,CH
76.2,1560,1,0,16.1,6.1,13.7,16.5,TRUE,CH
78.8,1618,1,0,16.3,2,19.2,53.4,FALSE,CH
76.8,1568,1,0,8.2,-2.4,22.9,25,FALSE,CH
76.7,1634,1,0,13.6,-3.1,24.6,46.5,FALSE,CH
76.2,1482,1,0,18.7,4.5,14.8,29.1,TRUE,CH
78.7,1592,1,0,7.9,-0.3,0.1,31.6,TRUE,CH
79.3,1601,1,0,9.6,2.4,12.9,37.1,TRUE,CH
75.5,1567,1,0,7.9,6.6,-7.3,15.3,FALSE,CH
75.9,1471,1,0,18.8,6.6,18.1,45.5,FALSE,CH
78.3,1482,1,0,14.4,6.2,21.9,19.3,FALSE,CH
77.6,1416,1,0,9.4,-3.8,20.5,26.3,FALSE,CH
75.8,1432,1,0,20,2.8,-18,15.6,FALSE,CH
78.3,1556,1,0,12.6,3.5,-20.4,48.6,FALSE,CH
78.1,1583,1,0,11.3,-0.1,-6.3,25.8,TRUE,CH
75.1,1632,1,0,17.5,7.8,-3.8,10.2,FALSE,CH
78.9,1507,1,0,6,2.3,5.2,42.6,TRUE,CH
79.0,1496,1,0,11.9,3.3,-1.6,28.5,TRUE,CH
77.6,1557,1,0,18.9,-0.4,-16.5,19.5,TRUE,CH
76.1,1441,1,0,11.9,9.1,-5.2,23.6,TRUE,CH
75.2,1411,1,0,9.9,-3.1,20.6,51.7,FALSE,CH
78.6,1411,1,0,13.5,7.1,-17.6,32.6,FALSE,CH
75.8,1552,1,0,9,3.7,-9.3,25.3,TRUE,CH
77.1,1495,1,0,15.2,-2.2,0.8,50.3,FALSE,CH
76.7,1612,1,0,9.1,2.3,-24.5,53.6,FALSE,CH
75.5,1476,1,0,9.8,-3.4,23.2,38.9,FALSE,CH
75.6,1649,1,0,9.5,8,2.9,31.3,TRUE,CH
78.6,1535,1,0,11.7,4.6,-13.2,43.6,TRUE,CH
76.7,1648,1,0,10.1,-3.1,8.8,21.5,TRUE,CH
78.8,1411,1,0,16.1,-3.4,21.8,22.9,FALSE,CH
77.4,1441,1,0,8.6,0.3,-13.1,43,TRUE,CH
77.8,1411,1,0,6,5.4,-7.5,25.9,TRUE,CH
75.7,1567,1,0,8.2,-3.8,11.7,21.3,TRUE,CH
76.3,1502,1,0,10.8,-3.8,-20.2,41.4,FALSE,CH
75.7,1478,1,0,9.8,2.6,19.2,10.7,FALSE,CH
79.1,1400,1,0,10.7,0.7,9.3,21.9,TRUE,CH
77.9,1522,1,0,13.4,8.5,2.8,30.8,TRUE,CH
75.1,1512,1,0,7.4,3.5,24.1,11.6,FALSE,CH
79.1,1498,1,0,10,2.6,-13.6,51.2,FALSE,CH
77.6,1519,1,0,19.7,1.3,-15.3,19.4,TRUE,CH
78.9,1454,1,0,9.9,0.1,15.9,32.8,TRUE,CH
70.0,2151,1,0,9.5,9.6,-13,33.1,TRUE,CB
73.8,2171,1,0,9.7,5.9,-20.6,10.9,FALSE,CB
71.4,2249,1,0,5.2,9.3,12.4,46.3,FALSE,CB
73.0,2259,1,0,6.1,7.6,-4.6,49.6,FALSE,CB
70.4,2299,1,0,12.4,9.8,-1.8,44.7,TRUE,CB
74.7,2189,1,0,9,9.2,-24.4,25.3,FALSE,CB
72.3,2122,1,0,13.5,6.8,2.1,20.6,TRUE,CB
74.1,2143,1,0,10.3,6.8,9.2,34.7,TRUE,CB
72.9,2285,1,0,7.3,9.1,14.2,29.3,TRUE,CB
70.3,2092,1,0,13,9.9,1.4,43.7,TRUE,CB
73.7,2131,1,0,10.2,9,3.6,36.5,TRUE,CB
72.5,2292,1,0,6.6,7.3,20.4,14.8,FALSE,CB
72.6,2230,1,0,15,7.9,19.7,51.8,FALSE,CB
73.6,2047,1,0,13.7,7.3,16.8,34,TRUE,CB
73.5,2020,1,0,11.1,9,3,26.1,TRUE,CB
74.6,2057,1,0,11.5,7.6,6.6,43.5,TRUE,CB
73.4,2186,1,0,5.6,7.5,-16.5,12.8,FALSE,CB
73.7,2176,1,0,5.1,9.7,-23.4,52,FALSE,CB
71.6,2188,1,0,12.8,8.6,4.4,39.5,TRUE,CB
72.0,2237,1,0,9.9,9.9,-13,29,TRUE,CB
74.9,2128,1,0,14.3,9.2,-24.4,24.6,FALSE,CB
71.8,2294,1,0,7.3,6.4,24.6,17.5,FALSE,CB
75.0,2085,1,0,9.6,5.8,-13.6,26,TRUE,CB
72.8,2215,1,0,13.8,8.4,10.6,51.7,FALSE,CB
70.4,2152,1,0,10.8,5.2,-15.7,10,FALSE,CB
75.0,2120,1,0,14.6,5.1,-23,29.4,FALSE,CB
70.9,2098,1,0,9.1,8.9,-23.7,35.7,FALSE,CB
70.1,2025,1,0,11.6,6.3,20.8,35.6,FALSE,CB
72.4,2191,1,0,6.9,8.2,8.4,13,FALSE,CB
74.4,2194,1,0,13.6,8.2,-11.2,17.5,TRUE,CB
73.6,2127,1,0,6.4,7.6,18.3,29.8,FALSE,CB
74.8,2203,1,0,7.1,6.7,23.4,17.6,FALSE,CB
72.4,2123,1,0,6.7,9.2,-19.4,23.3,FALSE,CB
74.1,2254,1,0,7.8,9.7,22.5,31.5,FALSE,CB
70.8,2274,1,0,5.8,8.7,-13,29,TRUE,CB
72.1,2171,1,0,7.2,8.5,19.3,34.2,FALSE,CB
71.7,2093,1,0,6,8,17.5,38,FALSE,CB
74.9,2016,1,0,12.9,9.9,-24.4,31,FALSE,CB
72.3,2078,1,0,11.4,5.6,4,48.9,FALSE,CB
71.8,2028,1,0,14.8,6.8,16.7,50.7,FALSE,CB
73.9,2067,1,0,10.8,5.1,8.3,11.3,FALSE,CB
70.8,2158,1,0,5.2,5.5,7.3,14.2,FALSE,CB
74.9,2251,1,0,9.3,8.6,-15.9,43.8,TRUE,CB
73.8,2123,1,0,8.1,7.4,9.2,46.5,FALSE,CB
74.0,2122,1,0,13.2,7.6,-3.4,39.5,TRUE,CB
70.1,2123,1,0,10,8.8,-23.1,48.2,FALSE,CB
74.5,2032,1,0,7.1,9.6,-17,40.1,FALSE,CB
71.7,2214,1,0,11.5,7.2,25,42.6,FALSE,CB
74.2,2207,1,0,9.3,7,-22.2,43.7,FALSE,CB
72.1,2215,1,0,14.8,8.9,-14,53.9,FALSE,CB
73.8,2109,1,0,11.3,8.2,-11.6,37,TRUE,CB
72.1,2232,1,0,8.1,7.7,4.3,47.4,FALSE,CB
72.1,2264,1,0,9,7.3,9.5,13.2,FALSE,CB
71.2,2205,1,0,14.2,5.8,13.3,43.9,TRUE,CB
71.2,2106,1,0,9.8,9.6,-5.5,51.6,FALSE,CB
70.5,2050,1,0,11.9,5.6,18.7,27.2,FALSE,CB
73.7,2152,1,0,13.6,9.6,-0.6,34.1,TRUE,CB
73.1,2124,1,0,5.6,9.2,16.1,36.5,TRUE,CB
73.2,2051,1,0,7.4,6.4,-23.9,23.8,FALSE,CB
74.9,2067,1,0,13.6,9.2,-16.4,35.8,TRUE,CB
71.1,2295,1,0,9.1,7.8,15.9,22.2,TRUE,CB
72.3,2273,1,0,11.4,8.2,-5.7,31.5,TRUE,CB
70.4,2229,1,0,6.3,6.5,-21.2,21.3,FALSE,CB
70.6,2247,1,0,6.1,5,2.6,29.9,TRUE,CB
71.5,2070,1,0,6.8,8,9.3,54.8,FALSE,CB
71.3,2149,1,0,14.7,5,6.1,48.7,FALSE,CB
71.0,2169,1,0,14.8,7.2,22.9,40.5,FALSE,CB
71.5,2065,1,0,10.7,5,1.3,33,TRUE,CB
70.0,2300,1,0,8.5,7.4,-4.8,49.6,FALSE,CB
73.7,2155,1,0,13.1,5.2,23.8,23.9,FALSE,CB
75.0,2178,1,0,11.3,5.4,-13.3,49.1,FALSE,CB
73.3,2164,1,0,13,7.6,-0.8,17.7,TRUE,CB
71.6,2123,1,0,10.8,8.5,5.7,54.4,FALSE,CB
73.1,2300,1,0,6.5,5.8,-8.8,25.3,TRUE,CB
74.7,2074,1,0,6.6,5,-16.5,19.6,TRUE,CB
75.0,2069,1,0,6.7,8.2,-18.3,50.2,FALSE,CB
70.3,2031,1,0,14,8.8,-3.1,33.6,TRUE,CB
72.2,2137,1,0,10.3,8,-12.9,23.6,TRUE,CB
72.0,2034,1,0,13.3,6.5,20.2,41.7,FALSE,CB
74.1,2211,1,0,11.8,9,-2.3,51.9,FALSE,CB
71.2,2190,1,0,6.1,7.6,-15.8,13.2,FALSE,CB
72.9,2213,1,0,11.2,5.9,-19.2,44.9,FALSE,CB
70.7,2014,1,0,6.7,9.8,1.6,26.9,TRUE,CB
72.5,2254,1,0,10.2,9.7,-2.7,42.1,TRUE,CB
73.3,2187,1,0,5.1,5.1,9.3,40.3,TRUE,CB
73.4,2168,1,0,8.3,7.6,-3.6,37.6,TRUE,CB
71.7,2235,1,0,10.5,7.4,-7,24.1,TRUE,CB
71.3,2079,1,0,6.9,9.5,-10,35.3,TRUE,CB
71.6,2020,1,0,6.5,9.2,12.4,35.8,TRUE,CB
73.2,2116,1,0,14.6,9.8,-1.5,28.8,TRUE,CB
71.4,2099,1,0,8.8,7.8,22.9,27.7,FALSE,CB
74.1,2089,1,0,14.3,9,24.9,40.8,FALSE,CB
74.5,2240,1,0,7.5,5.2,-10.3,40.9,TRUE,CB
74.5,2148,1,0,11.8,7.1,7.9,31.1,TRUE,CB
72.5,2065,1,0,12.9,6.1,-25,53.2,FALSE,CB
71.4,2175,1,0,8.1,6.5,-2.8,25.8,TRUE,CB
72.7,2005,1,0,8.4,5.4,-23.2,38.9,FALSE,CB
73.8,2158,1,0,14.9,8,-5.6,34.1,TRUE,CB
70.4,2018,1,0,8.4,5.4,14.3,22.6,TRUE,CB
74.1,2233,1,0,5.3,7.6,-13,42.1,TRUE,CB
70.5,2287,1,0,7.8,5.9,10.3,50.2,FALSE,CB
73.6,2287,1,0,6.9,9,-5.7,35.6,TRUE,CB
74.9,2203,1,0,10.1,5.5,-1,28.4,TRUE,CB
72.6,2016,1,0,12.5,9.9,20.7,21.5,FALSE,CB
71.9,2095,1,0,11.3,5.1,-0.9,53.5,FALSE,CB
73.1,2277,1,0,7.8,7.2,-13.4,35.1,TRUE,CB
71.4,2046,1,0,14.7,7.8,-16.1,19.3,TRUE,CB
74.0,2190,1,0,12.8,6.2,-1.3,50.1,FALSE,CB
74.4,2195,1,0,7.3,5.7,-12.7,21.4,TRUE,CB
70.6,2113,1,0,5.5,9.2,-5,41.4,TRUE,CB
70.4,2089,1,0,11.8,8.6,15.7,38.1,TRUE,CB
70.6,2078,1,0,14.4,9.5,-4.1,15.8,FALSE,CB
73.1,2202,1,0,13.6,7.7,-14.5,13,FALSE,CB
73.2,2277,1,0,7.1,7.4,17.9,50.9,FALSE,CB
71.0,2231,1,0,5,6.8,-0.2,11.1,FALSE,CB
72.3,2266,1,0,12.9,6,-10.1,11.7,FALSE,CB
72.0,2001,1,0,13.6,8.2,7,34.7,TRUE,CB
74.2,2154,1,0,7.9,9.9,9.4,33.3,TRUE,CB
74.1,2029,1,0,5.3,7.4,-16.1,33.1,TRUE,CB
71.0,2278,1,0,6.4,5.7,-11.1,50.2,FALSE,CB
71.3,2144,1,0,14,8.5,1.7,37.8,TRUE,CB
73.4,2173,1,0,8.7,6.2,1.1,50.8,FALSE,CB
74.5,2202,1,0,8.2,5,-9.5,48,FALSE,CB
72.1,2286,1,0,8.2,6.9,8.8,20.9,TRUE,CB
70.0,2037,1,0,14.6,9.9,-18.4,42.9,FALSE,CB
72.3,2190,1,0,13.7,7.4,-15.3,53,FALSE,CB
73.2,2036,1,0,7.5,8.9,-12.6,40.4,TRUE,CB
71.7,2088,1,0,5.4,6,5.8,35.5,TRUE,CB
71.9,2292,1,0,12.3,9.2,-14.6,41.1,TRUE,CB
74.1,2298,1,0,9.2,10,-19.4,12.4,FALSE,CB
71.7,2201,1,0,6.8,7.2,-13.6,50.2,FALSE,CB
70.4,2001,1,0,8.4,6,-18.9,25.9,FALSE,CB
70.4,2130,1,0,7.3,5.8,-16.7,53.8,FALSE,CB
74.8,2014,1,0,14.9,8,9.1,26.2,TRUE,CB
74.5,2239,1,0,10.7,7.1,2.7,24.4,TRUE,CB
73.0,2292,1,0,7.1,5.2,19,46.9,FALSE,CB
74.1,2099,1,0,10.7,7.1,-2.9,53.9,FALSE,CB
70.7,2219,1,0,10.9,8.9,-10.7,53.1,FALSE,CB
72.7,2279,1,0,11.5,5.7,17.6,47.7,FALSE,CB
70.7,2001,1,0,8.4,9.6,17.1,28.9,FALSE,CB
73.8,2031,1,0,7.7,5.2,22.8,36.7,FALSE,CB
71.1,2239,1,0,8.9,9.7,-12.1,53.5,FALSE,CB
71.0,2136,1,0,7.7,6.6,1.4,10.2,FALSE,CB
74.6,2236,1,0,5.1,9.4,-3.5,47.1,FALSE,CB
74.8,2100,1,0,5.2,6.6,14.9,17.5,TRUE,CB
73.7,2192,1,0,6.2,7.4,-11.3,22.2,TRUE,CB
73.0,2067,1,0,5,9.8,-13,10.2,FALSE,CB
73.0,2223,1,0,10.4,8.2,13.3,27.8,TRUE,CB
73.3,2157,1,0,11,6.5,-9.3,15,FALSE,CB
70.1,2061,1,0,5.5,5,18.3,47.6,FALSE,CB
73.0,2123,1,0,7.7,8.4,-3.4,17.4,TRUE,CB
72.7,2130,1,0,10.5,7.7,10.2,19.8,TRUE,CB
71.1,2057,1,0,9.9,8.8,4.9,52.3,FALSE,CB
73.2,2226,1,0,12.5,10,-0.5,24.1,TRUE,CB
74.1,2132,1,0,9,10,-23.4,10.2,FALSE,CB
74.8,2238,1,0,5,6.6,3.8,27.6,TRUE,CB
70.2,2036,1,0,9.9,9.1,-3.9,49.6,FALSE,CB
73.1,2000,1,0,14.2,7.6,-13.7,22.7,TRUE,CB
71.3,2152,1,0,9.3,5.9,5.9,26.2,TRUE,CB
70.7,2172,1,0,7.4,6.7,-24.5,47.1,FALSE,CB
74.8,2161,1,0,12.4,8.7,14.9,12.5,FALSE,CB
70.9,2062,1,0,13.1,8.3,-8.4,46.7,FALSE,CB
70.0,2062,1,0,7.3,10,6.4,28.4,TRUE,CB
74.3,2116,1,0,12.2,9.4,0.5,51.9,FALSE,CB
73.5,2197,1,0,14.3,9.8,-24.9,23.1,FALSE,CB
71.7,2255,1,0,8,7.8,14.5,49.6,FALSE,CB
73.9,2107,1,0,13.8,5,23.6,53.6,FALSE,CB
70.7,2205,1,0,5.5,6,-7.5,23,TRUE,CB
74.2,2226,1,0,8.5,5.7,-1.7,44.8,TRUE,CB
70.5,2108,1,0,12.7,7,22.7,34.6,FALSE,CB
71.0,2035,1,0,6.1,9.6,15.7,11.4,FALSE,CB
75.0,2014,1,0,5.1,5.9,9.8,32.8,TRUE,CB
70.1,2096,1,0,14.2,5.5,-25,35.4,FALSE,CB
71.6,2269,1,0,5.1,7.7,4.9,23.7,TRUE,CB
73.9,2206,1,0,6.9,5.4,-12.8,17.2,TRUE,CB
70.3,2190,1,0,14.5,9.7,-0.8,43.1,TRUE,CB
74.3,2076,1,0,8.9,7,-12.1,13.4,FALSE,CB
71.6,2294,1,0,5.2,5.6,17.8,12.9,FALSE,CB
72.9,2202,1,0,9.7,5.3,-20.5,54.8,FALSE,CB
71.5,2074,1,0,9.1,6.5,-3.4,29.1,TRUE,CB
73.3,2108,1,0,5.4,5.2,18.2,30.2,FALSE,CB
71.4,2228,1,0,6.5,6.2,-2.7,35.9,TRUE,CB
73.7,2058,1,0,5.3,5.4,-7.3,10.5,FALSE,CB
74.2,2210,1,0,14.3,7.2,-23.3,34.7,FALSE,CB
74.5,2068,1,0,12.2,9.9,17,29.1,FALSE,CB
71.9,2078,1,0,7.4,6.6,14,42.1,TRUE,CB
73.3,2036,1,0,13.4,9,-2.3,47.1,FALSE,CB
71.5,2166,1,0,9.5,7.3,-0.8,21,TRUE,CB
74.8,2002,1,0,10.4,5,10,29.6,TRUE,CB
73.5,2170,1,0,11.6,8.5,9,39.3,TRUE,CB
74.0,2187,1,0,6.9,9.7,-1.5,49.7,FALSE,CB
74.4,2063,1,0,8.3,9.6,-7.3,44.4,TRUE,CB
74.9,2004,1,0,7.4,9.8,24.2,11.2,FALSE,CB
73.7,2265,1,0,5.2,7.8,-2.4,39.3,TRUE,CB
71.3,2092,1,0,10.9,9.8,10.6,25.2,TRUE,CB
73.0,2010,1,0,10.4,8.9,-4.3,29.2,TRUE,CB
72.4,2213,1,0,6.9,6.8,6.8,21.9,TRUE,CB
72.9,2279,1,0,13,6.3,-16.7,29.2,TRUE,CB
70.9,2113,1,0,6.7,5.8,15.9,12.6,FALSE,CB
72.0,2067,1,0,8,8,19.1,34.1,FALSE,CB
71.5,2117,1,0,11.5,7,12.3,40.2,TRUE,CB
72.3,2042,1,0,12.3,8.7,-1,44.8,TRUE,CB
71.2,2088,1,0,7.9,7.1,15.2,20,TRUE,CB
74.4,2089,1,0,9.4,9.6,5.1,17.4,TRUE,CB
73.6,2139,1,0,14.2,9.1,4.9,43.5,TRUE,CB
73.7,2235,1,0,14.3,8.9,12.3,12,FALSE,CB
74.3,2042,1,0,8.7,9.2,-18.4,39.4,FALSE,CB
74.8,2136,1,0,12.7,6.3,17.8,11.8,FALSE,CB
73.0,2013,1,0,14.7,8.5,13,35.1,TRUE,CB
73.9,2101,1,0,14.8,6.6,-18.2,14.6,FALSE,CB
70.0,2278,1,0,8.7,5.5,22,54,FALSE,CB
74.8,2146,1,0,10.9,7.3,-5.4,40.5,TRUE,CB
72.7,2282,1,0,5.7,7.1,9.3,29.4,TRUE,CB
73.7,2131,1,0,7.4,7.8,-13.7,53.1,FALSE,CB
70.2,2129,1,0,14.3,7.9,3,48.6,FALSE,CB
72.7,2281,1,0,13.5,6,-13.8,42.6,TRUE,CB
70.2,2128,1,0,14.4,6.2,-6.6,55,FALSE,CB
71.4,2178,1,0,9.7,8.3,0.6,25.6,TRUE,CB
72.2,2201,1,0,6.7,7.2,19.3,34.5,FALSE,CB
74.2,2161,1,0,10.8,9.6,-10.3,45.5,FALSE,CB
74.5,2300,1,0,11.6,7.5,5.5,45,FALSE,CB
71.6,2151,1,0,8.6,7.5,-16.2,49.2,FALSE,CB
71.3,2136,1,0,11.9,5.4,17.3,49.9,FALSE,CB
71.8,2130,1,0,14.9,6.4,-18.6,46,FALSE,CB
73.6,2095,1,0,10.7,9.2,14.4,30.4,TRUE,CB
71.1,2188,1,0,13.8,5.4,1.1,49.9,FALSE,CB
73.6,2242,1,0,12.7,8.6,-2.1,39.9,TRUE,CB
71.8,2250,1,0,9.2,10,22.1,12.3,FALSE,CB
74.4,2224,1,0,7.6,10,6.5,36.9,TRUE,CB
73.1,2008,1,0,14.6,5.7,-21.8,46.6,FALSE,CB
74.1,2300,1,0,7.7,5.7,12.6,38.5,TRUE,CB
72.2,2295,1,0,7.3,8.8,2,44,TRUE,CB
70.7,2094,1,0,12.5,7.9,15.5,25,TRUE,CB
71.7,2004,1,0,6.3,5.8,-4,17.8,TRUE,CB
73.1,2273,1,0,7.3,8,12.5,32.5,TRUE,CB
71.1,2283,1,0,6.9,5.3,23.2,36.1,FALSE,CB
71.0,2043,1,0,13.8,5.8,-9.7,22.2,TRUE,CB
72.4,2074,1,0,13.1,8.8,-1.4,53,FALSE,CB
72.0,2027,1,0,5.1,6.7,-21,35.4,FALSE,CB
73.3,2064,1,0,6.7,6.2,-4.4,31.3,TRUE,CB
70.1,2057,1,0,6.8,5.1,-7.7,48,FALSE,CB
71.4,2107,1,0,13.8,6.6,9.9,26.5,TRUE,CB
71.9,2252,1,0,15,5.9,-20.3,50.4,FALSE,CB
74.6,2134,1,0,8.4,8.6,-16.6,31.6,TRUE,CB
71.0,2138,1,0,8.2,8.9,19.9,42.6,FALSE,CB
73.6,2046,1,0,6.5,6.9,12.2,12.8,FALSE,CB
74.7,2120,1,0,5.9,8,23.9,42.3,FALSE,CB
72.6,2027,1,0,6.5,6.4,2.6,29.1,TRUE,CB
72.5,2148,1,0,15,9.9,14.1,16.2,TRUE,CB
72.1,2079,1,0,8,7.3,7.3,22.5,TRUE,CB
74.7,2293,1,0,7.3,13.4,-4.1,37.7,TRUE,SL
75.4,2399,1,0,9.4,12.3,13.3,31.9,TRUE,SL
74.0,2144,1,0,7.4,11.7,-21,12.9,FALSE,SL
75.1,2223,1,0,9.8,10.7,-14.7,45.2,FALSE,SL
76.2,2378,1,0,7.6,10.5,-8.3,12.8,FALSE,SL
75.1,2256,1,0,7.1,15.8,13.8,23,TRUE,SL
77.0,2368,1,0,5.6,15.3,9.7,30.8,TRUE,SL
74.3,2128,1,0,5.4,14.3,-1.8,52.4,FALSE,SL
73.8,2387,1,0,5.6,15.3,21.5,23.2,FALSE,SL
75.3,2342,1,0,7.5,11.7,14.3,13.2,FALSE,SL
74.7,2263,1,0,9.6,14.2,-4.3,38.7,TRUE,SL
75.2,2277,1,0,5.1,11.2,8.4,20.8,TRUE,SL
74.5,2385,1,0,5.7,16,1.9,15.3,FALSE,SL
73.1,2216,1,0,5.6,12.1,13.8,21,TRUE,SL
73.2,2307,1,0,5.5,12.7,19.8,10,FALSE,SL
76.6,2384,1,0,6.4,12.4,-23.7,40.7,FALSE,SL
73.4,2134,1,0,7.3,12.7,-24.6,12.9,FALSE,SL
73.1,2186,1,0,7.2,12,12.1,13.9,FALSE,SL
73.1,2233,1,0,7.8,11.9,-19.5,37.2,FALSE,SL
76.2,2266,1,0,8.4,14.3,22.7,30.5,FALSE,SL
76.5,2341,1,0,5.6,13.6,0,14.9,FALSE,SL
73.5,2181,1,0,7.5,12.2,-23.6,23.3,FALSE,SL
73.7,2247,1,0,5.7,15.5,-8,44.2,TRUE,SL
74.1,2229,1,0,7.1,15.6,24.9,47.2,FALSE,SL
74.2,2104,1,0,5.9,14.3,3.1,49.5,FALSE,SL
73.6,2264,1,0,5.3,15.5,-19.1,36.5,FALSE,SL
73.7,2334,1,0,5.1,14,19.7,33.6,FALSE,SL
73.1,2197,1,0,8.1,13.3,9.3,24.1,TRUE,SL
74.9,2382,1,0,8.5,12.1,14.9,45.5,FALSE,SL
76.2,2334,1,0,6.8,13.4,-15.2,20,TRUE,SL
73.8,2317,1,0,7.5,12.1,17.6,44.5,FALSE,SL
75.3,2235,1,0,6.3,11.2,1.1,45.7,FALSE,SL
74.2,2333,1,0,7.3,14.9,2.9,24.9,TRUE,SL
73.0,2290,1,0,5.9,14.9,15.6,40.6,TRUE,SL
74.9,2372,1,0,7.9,15.2,17.6,13.6,FALSE,SL
75.2,2323,1,0,8.7,11.2,-20.5,50.1,FALSE,SL
74.7,2354,1,0,10,15.4,-15.9,13.8,FALSE,SL
75.7,2291,1,0,6.8,14.6,-0.8,13.3,FALSE,SL
75.0,2336,1,0,8.7,13.2,-15.9,41.5,TRUE,SL
75.3,2105,1,0,9.6,13.1,-10,29.2,TRUE,SL
74.3,2192,1,0,5.7,11.4,4.2,20.7,TRUE,SL
73.2,2206,1,0,7.5,11.3,-15.7,32.8,TRUE,SL
76.4,2109,1,0,5.2,16,20.7,10.6,FALSE,SL
73.2,2354,1,0,6.2,13.7,20.9,23.3,FALSE,SL
73.7,2276,1,0,9.5,14.6,19.5,23.9,FALSE,SL
76.3,2339,1,0,7.7,11.3,24.2,13.9,FALSE,SL
74.2,2368,1,0,8.9,10,5.4,52.6,FALSE,SL
75.5,2307,1,0,5.9,11,3.7,23.4,TRUE,SL
73.0,2185,1,0,9.3,10.9,21.6,21.9,FALSE,SL
76.8,2341,1,0,6.7,15.2,-2.4,15.5,FALSE,SL
75.1,2113,1,0,9.9,10.8,10.9,31.4,TRUE,SL
73.2,2331,1,0,9.9,15.5,2,47.9,FALSE,SL
73.7,2196,1,0,9.3,14.2,-4.5,26.2,TRUE,SL
73.8,2105,1,0,6.1,12.3,17.6,24.5,FALSE,SL
75.0,2196,1,0,8.2,13.4,1,17.4,TRUE,SL
73.4,2126,1,0,8.5,13.3,23.9,34.7,FALSE,SL
75.3,2251,1,0,7.7,12.7,1.7,24.2,TRUE,SL
76.4,2299,1,0,7.2,10.3,9.9,46.9,FALSE,SL
73.6,2254,1,0,7.6,13,-1.2,49.5,FALSE,SL
76.1,2200,1,0,9.9,14,-8,48.2,FALSE,SL
75.2,2146,1,0,8.2,11.6,18.3,10.1,FALSE,SL
73.9,2218,1,0,7.3,11.2,-7.6,30.3,TRUE,SL
75.4,2142,1,0,9.5,11.1,-16.3,45.2,FALSE,SL
73.0,2232,1,0,8,14.5,-24.2,32.5,FALSE,SL
76.0,2393,1,0,9.6,11.9,-18.6,28.3,FALSE,SL
73.0,2384,1,0,9.2,11.6,23.9,46.3,FALSE,SL
74.6,2344,1,0,7.2,10,12.4,48.8,FALSE,SL
74.5,2275,1,0,7.7,13.5,16.5,27.6,TRUE,SL
74.3,2224,1,0,5.3,10.5,23,40.9,FALSE,SL
76.4,2276,1,0,7.9,12.3,7.7,42.9,TRUE,SL
73.1,2147,1,0,8.3,13.4,-8.4,41.3,TRUE,SL
75.8,2257,1,0,9.1,15.7,-0.8,40.4,TRUE,SL
73.9,2318,1,0,8.5,10.8,3.4,47.2,FALSE,SL
74.0,2213,1,0,7.8,15.3,9.1,20.7,TRUE,SL
76.8,2220,1,0,7.1,14.2,23.4,42.2,FALSE,SL
76.4,2100,1,0,5.3,15.5,-8.1,36.4,TRUE,SL
76.5,2233,1,0,6.3,16,-14.3,32.3,TRUE,SL
74.2,2330,1,0,9.5,14.3,-13.7,44,TRUE,SL
74.9,2398,1,0,8.1,11,12.9,21.5,TRUE,SL
73.0,2185,1,0,7.1,14.5,-0.6,29.4,TRUE,SL
75.0,2258,1,0,6.5,12.6,-24.9,16.5,FALSE,SL
74.6,2238,1,0,5.8,10.2,7.6,16.4,TRUE,SL
76.8,2245,1,0,5.2,12.1,1,17.2,TRUE,SL
76.1,2225,1,0,9,10.3,1.2,33.6,TRUE,SL
76.8,2114,1,0,8.5,12.5,5.2,14.3,FALSE,SL
73.8,2323,1,0,7.9,11.7,20.6,49.5,FALSE,SL
75.8,2133,1,0,8.3,11.9,-0.2,38.9,TRUE,SL
75.2,2353,1,0,10,11.4,11.1,28.3,TRUE,SL
74.6,2307,1,0,8.3,12.4,23.2,44.8,FALSE,SL
76.7,2157,1,0,5.8,15.1,2.9,37.2,TRUE,SL
74.3,2159,1,0,7.3,11.6,-12.4,14.5,FALSE,SL
73.9,2204,1,0,7.9,14.3,-8.7,18.7,TRUE,SL
74.8,2299,1,0,8.4,11.5,-24,11,FALSE,SL
73.5,2164,1,0,5.1,15.7,-7.8,38.9,TRUE,SL
76.3,2110,1,0,6.7,10.3,-9.8,54.3,FALSE,SL
73.1,2168,1,0,5.6,12.6,-24.6,27.5,FALSE,SL
74.7,2160,1,0,9.6,10,9.6,37.8,TRUE,SL
73.1,2297,1,0,6.8,15.4,5.9,21.6,TRUE,SL
73.2,2216,1,0,8.9,14.5,-15.8,49.6,FALSE,SL
74.1,2287,1,0,10,16,-19.2,38.3,FALSE,SL
75.4,2283,1,0,8.1,13,-10.9,54.7,FALSE,SL
74.6,2165,1,0,5.7,10.5,-11.4,21.2,TRUE,SL
75.7,2278,1,0,5.9,11.3,-12,24.4,TRUE,SL
75.0,2188,1,0,5.8,15,1.6,27.4,TRUE,SL
73.3,2103,1,0,8.3,15.7,-20.7,36.6,FALSE,SL
76.4,2130,1,0,7.1,15.4,-12,46.7,FALSE,SL
77.0,2222,1,0,6,12.8,7.8,16.5,TRUE,SL
73.4,2224,1,0,9.2,15.4,3.1,33.8,TRUE,SL
74.6,2251,1,0,6.4,13.8,18.6,28.3,FALSE,SL
73.2,2291,1,0,6.7,12.2,15.7,31.6,TRUE,SL
75.2,2229,1,0,9.3,10.5,20.9,13.1,FALSE,SL
73.8,2338,1,0,9.7,12.4,12.9,10.8,FALSE,SL
75.4,2228,1,0,5.3,15.6,-7.7,52.6,FALSE,SL
75.9,2306,1,0,8.3,16,9.7,16.1,TRUE,SL
75.6,2356,1,0,6.4,12.5,3.4,41.8,TRUE,SL
75.3,2259,1,0,7.8,10.4,13.2,33.9,TRUE,SL
74.1,2120,1,0,6.3,15.7,9.9,38.5,TRUE,SL
76.0,2283,1,0,7,10.2,-15.3,32.4,TRUE,SL
76.2,2395,1,0,9.4,13.8,5.7,20.5,TRUE,SL
73.1,2245,1,0,8,11.8,-15.5,31.5,TRUE,SL
73.6,2139,1,0,6.8,15.4,5.5,16.5,TRUE,SL
75.6,2184,1,0,5.9,11.7,18.1,49.2,FALSE,SL
75.4,2148,1,0,8.8,15.8,-5.5,14.1,FALSE,SL
73.9,2121,1,0,6.1,12.1,14.7,48.2,FALSE,SL
76.7,2396,1,0,5.8,16,14.4,25.4,TRUE,SL
77.0,2223,1,0,5.4,14.2,24.1,44.2,FALSE,SL
76.5,2110,1,0,8.2,14.7,14.4,16.5,TRUE,SL
74.9,2400,1,0,8.6,11.4,10,11.5,FALSE,SL
76.1,2168,1,0,6.8,14.6,14.6,39.5,TRUE,SL
75.6,2360,1,0,5.7,10.9,14.7,52.3,FALSE,SL
74.9,2324,1,0,6.9,10.9,-19,37.9,FALSE,SL
73.8,2357,1,0,6.7,13.1,-11.6,40,TRUE,SL
74.1,2109,1,0,7.4,15.1,-24.5,35.7,FALSE,SL
75.9,2343,1,0,9.5,11.2,20.4,35.7,FALSE,SL
75.4,2398,1,0,8.2,11.8,-13.9,35.2,TRUE,SL
73.3,2336,1,0,7.9,10.8,12.7,54,FALSE,SL
76.4,2220,1,0,8.3,11.2,16.7,16.1,TRUE,SL
74.5,2372,1,0,5.9,12,-16.6,25.4,TRUE,SL
76.8,2231,1,0,6.5,13.8,-9.3,36,TRUE,SL
75.6,2374,1,0,9.1,11.4,9.7,13.4,FALSE,SL
73.4,2160,1,0,7.2,11,18.6,39.9,FALSE,SL
73.8,2117,1,0,6,12.8,24.3,16.9,FALSE,SL
73.1,2120,1,0,6.4,13,-9.3,34,TRUE,SL
74.8,2256,1,0,5.2,10.9,-6.9,31.1,TRUE,SL
75.2,2309,1,0,8.1,15.6,-6.6,47.1,FALSE,SL
76.5,2244,1,0,7.7,10.9,-1.9,10.5,FALSE,SL
73.3,2337,1,0,6,10.4,10.2,27.1,TRUE,SL
73.7,2370,1,0,10,10.3,9.2,13.5,FALSE,SL
76.8,2185,1,0,8.6,10.8,22.1,40.4,FALSE,SL
74.7,2244,1,0,8.1,12.9,-12.7,17.4,TRUE,SL
73.0,2106,1,0,7.4,13.6,-21.6,37.5,FALSE,SL
75.4,2253,1,0,5.1,15.7,11,31.1,TRUE,SL
76.5,2144,1,0,5.9,15.4,12.1,11.1,FALSE,SL
74.9,2363,1,0,9.3,14.5,14.3,26.2,TRUE,SL
75.0,2232,1,0,8.3,11.2,-19.1,46.5,FALSE,SL
76.1,2212,1,0,9.4,10.9,-3.1,15.1,FALSE,SL
74.2,2240,1,0,9.2,15.2,21.9,46.1,FALSE,SL
76.6,2121,1,0,10,13,-15.5,45,FALSE,SL
76.8,2124,1,0,5.2,10.7,-14.6,35,TRUE,SL
75.8,2244,1,0,9.5,12.1,10.1,43.9,TRUE,SL
73.9,2137,1,0,9,13.9,6.5,47.4,FALSE,SL
73.3,2330,1,0,6.8,13,-10.5,34.2,TRUE,SL
74.5,2357,1,0,10,16,12.1,41.6,TRUE,SL
74.0,2195,1,0,8.2,10.5,-16.9,11.5,FALSE,SL
77.0,2220,1,0,5.2,15.1,-3.4,16.6,TRUE,SL
74.2,2170,1,0,8,13.7,12.1,17.9,TRUE,SL
74.7,2381,1,0,6.9,12.1,8.6,31.8,TRUE,SL
75.7,2137,1,0,8.2,15.9,-10.4,33.5,TRUE,SL
73.0,2131,1,0,5.1,10.5,-14.9,19.6,TRUE,SL
76.5,2246,1,0,7.2,10.8,-15,20.7,TRUE,SL
74.7,2177,1,0,8.7,16,-16.8,26.7,TRUE,SL
73.7,2185,1,0,7.8,14.2,-21.1,41,FALSE,SL
74.8,2270,1,0,6.2,10.2,23.4,17.4,FALSE,SL
75.4,2186,1,0,6.5,15.8,12.5,13.6,FALSE,SL
74.3,2184,1,0,7.2,13.4,5,35.5,TRUE,SL
75.5,2175,1,0,5.4,14.7,-19.6,24.1,FALSE,SL
74.1,2136,1,0,8.6,11.9,-14.1,33.5,TRUE,SL
73.1,2129,1,0,8.9,10.2,-0.3,31.6,TRUE,SL
75.3,2170,1,0,6.4,15.3,-22.3,30.9,FALSE,SL
76.6,2180,1,0,6,15.4,-22.4,11.6,FALSE,SL
75.8,2165,1,0,9.1,11.3,24.6,53.8,FALSE,SL
75.7,2149,1,0,6.1,10.5,19.8,23.4,FALSE,SL
75.9,2369,1,0,7.7,13.6,17.5,19.6,FALSE,SL
75.1,2351,1,0,8.2,13.5,16.4,42.1,TRUE,SL
73.9,2146,1,0,6,14,-11.4,26.3,TRUE,SL
76.3,2113,1,0,6.6,16,-19.9,10.5,FALSE,SL
74.0,2236,1,0,5.4,13.5,-20.6,45.9,FALSE,SL
75.5,2391,1,0,6.5,10.9,-16.3,42.9,TRUE,SL
75.8,2301,1,0,9,14,-7.7,31.6,TRUE,SL
75.8,2241,1,0,5.4,10.4,7.5,26.1,TRUE,SL
76.1,2161,1,0,5.7,15.9,-20.3,42,FALSE,SL
73.0,2288,1,0,6.7,10.8,4.2,12.7,FALSE,SL
74.7,2210,1,0,9.3,13,9.4,37.9,TRUE,SL
75.6,2195,1,0,6.3,12.8,18.2,26.3,FALSE,SL
76.9,2320,1,0,7.6,12.2,-9.7,14.9,FALSE,SL
76.9,2227,1,0,9.4,13.7,7.7,47.9,FALSE,SL
73.0,2145,1,0,8.8,14.6,-18.5,44.4,FALSE,SL
76.1,2245,1,0,8.8,15.1,22.6,51.9,FALSE,SL
76.9,2269,1,0,9.2,11,11.4,32.9,TRUE,SL
76.7,2193,1,0,9.8,12,-15.4,34.7,TRUE,SL
75.5,2112,1,0,8.5,11.3,14,38.1,TRUE,SL
73.1,2345,1,0,6.9,10.1,-17.7,36.6,FALSE,SL
75.9,2186,1,0,8.3,13.8,23.3,11,FALSE,SL
76.2,2286,1,0,5.3,11,-17,39.9,FALSE,SL
73.6,2335,1,0,9.8,13.8,-4.8,18.9,TRUE,SL
73.0,2317,1,0,8.9,12.4,4.3,28,TRUE,SL
73.1,2150,1,0,9.8,15.4,-15,28.9,TRUE,SL
76.7,2192,1,0,6.3,14.8,-19.4,17.4,FALSE,SL
74.2,2259,1,0,5.4,12,-2.8,22.1,TRUE,SL
76.8,2100,1,0,8.7,10.3,5.3,29.8,TRUE,SL
73.7,2390,1,0,8.4,13.8,16.3,46.4,FALSE,SL
74.2,2165,1,0,5.1,10.1,-12.7,40.4,TRUE,SL
74.7,2112,1,0,7.3,15.2,2.6,31.7,TRUE,SL
74.7,2364,1,0,5.9,10.8,6.4,23.5,TRUE,SL
75.8,2336,1,0,8.5,15.2,-21.8,44.3,FALSE,SL
76.1,2261,1,0,6.4,14.5,-13,36.6,TRUE,SL
76.4,2324,1,0,6.4,15.7,-1.2,22.3,TRUE,SL
74.5,2180,1,0,8.1,13.6,-4.8,53,FALSE,SL
73.3,2400,1,0,9.1,14.1,8.2,37.6,TRUE,SL
76.3,2142,1,0,7.4,16,-7.9,22.2,TRUE,SL
73.8,2235,1,0,5.9,11.6,23.2,24,FALSE,SL
75.6,2123,1,0,9.8,13,-2,21.9,TRUE,SL
73.6,2391,1,0,6.4,10.6,-5.2,20.7,TRUE,SL
74.7,2309,1,0,6.6,11.3,18.6,40.2,FALSE,SL
74.6,2328,1,0,9,10.2,-12.9,14.4,FALSE,SL
74.3,2309,1,0,6.4,12.7,-12.7,10.8,FALSE,SL
74.7,2262,1,0,9.4,15,-3.8,13.3,FALSE,SL
73.2,2220,1,0,7.7,15.5,9.7,21.3,TRUE,SL
76.9,2126,1,0,6.9,10.4,-21.1,18.4,FALSE,SL
76.8,2157,1,0,9.8,13,-13.2,40.8,TRUE,SL
75.2,2218,1,0,7.3,14.1,25,12,FALSE,SL
74.8,2308,1,0,6.3,11.2,5.8,11,FALSE,SL
73.3,2306,1,0,5.8,15.3,-16.6,20,TRUE,SL
75.6,2112,1,0,7.5,10.3,-1.1,36.6,TRUE,SL
73.1,2352,1,0,7.1,14.8,-21.5,34,FALSE,SL
76.1,2195,1,0,9.1,13.5,14.6,42.2,TRUE,SL
76.4,2265,1,0,8.6,14.3,-18.2,13.7,FALSE,SL
76.6,2222,1,0,9.4,15.4,-22.3,38.9,FALSE,SL
74.7,2123,1,0,8.8,10.1,-3.1,42.8,TRUE,SL
75.7,2390,1,0,5.9,13.2,15.7,35.3,TRUE,SL
73.4,2262,1,0,9.4,13.5,-10.6,21.1,TRUE,SL
73.9,2362,1,0,7.8,14,12.3,44.9,TRUE,SL
76.1,2123,1,0,7.2,15.9,18.8,30.4,FALSE,SL
74.5,2287,1,0,8.3,10.5,-4.3,12.2,FALSE,SL
77.0,2170,1,0,7,11.7,-24.4,40.9,FALSE,SL
74.5,2164,1,0,8.2,14.7,16.9,31.7,TRUE,SL
73.1,2355,1,0,9.8,13.8,-2.3,25.5,TRUE,SL
76.1,2134,1,0,8.9,13.3,2.8,26.6,TRUE,SL
77.0,2290,1,0,7.7,11.8,13.8,16.5,TRUE,SL
73.4,2213,1,0,8.3,14.3,-21.3,14.1,FALSE,SL
